X,year,winter_min_chl,spring_max_chl,bloom_intensity,winter_mean_nut,spring_min_nut,drawdown_doy,drawdown_mag,nutrient,temp_mean,temp_min,temp_max,hw_count,hw_int_cum,hw_total_days,cs_count,cs_int_cum,cs_total_days,thermal_stress,nutrient_constraint,thermal_background,Diatom_min,Diatom_max,diatom_min_doy,diatom_max_doy,Dinoflag_min,Dinoflag_max,dinoflag_min_doy,dinoflag_max_doy,Zoop_richness,nao_DJFM
1,2006,0.3525,2.058,1.7055,6.278823529,0.11,88,6.168823529,NO3,12.01417566,7.925,17.9625,4,10.82512844,39,1,-8.390193843,5,-1.463674763,1.179730768,0.29368002,NA,NA,NA,NA,NA,NA,NA,NA,NA,-0.8175
2,2007,0.365,0.48,0.115,6.838333333,0.02,110,6.818333333,NO3,12.21997566,8.4,16.5625,3,23.11952415,38,0,NA,NA,NA,1.402044118,0.759361944,NA,NA,NA,NA,NA,NA,NA,NA,NA,1.81
3,2008,0.17,4.634,4.464,7.279310345,0.07,124,7.209310345,NO3,11.52226366,7.95,15.6,0,NA,NA,1,-32.28852276,18,NA,1.535867209,-0.819412872,NA,NA,NA,NA,NA,NA,NA,NA,NA,1.3425
4,2009,0.3225,3.824,3.5015,4.662758621,0.13,114,4.532758621,NO3,11.72715805,7.5,15.75,0,NA,NA,1,-5.652070271,7,NA,0.619740651,-0.35578016,NA,NA,NA,NA,NA,NA,NA,NA,NA,-0.315
5,2010,0.45,2.794,2.344,5.915357143,0.02,103,5.895357143,NO3,11.46667699,7.275,15.7,0,NA,NA,3,-14.66435641,52,NA,1.086129058,-0.94519377,NA,NA,NA,NA,NA,NA,NA,NA,NA,-2.7075
6,2011,0.403333333,2.243333333,1.84,5.807931034,0.6,93,5.207931034,NO3,11.54583123,7.5,15.7375,1,16.74252639,11,2,-16.49200914,30,-0.694590271,0.850837765,-0.766084438,NA,NA,NA,NA,NA,NA,NA,NA,NA,-0.8425
7,2012,0.38,2.214,1.834,6.770416667,0.26,87,6.510416667,NO3,11.48493698,8.05,16.2125,1,8.876065821,8,4,-16.98954968,65,-0.970427921,1.296650812,-0.903875254,NA,NA,NA,NA,NA,NA,NA,NA,NA,2.0775
8,2013,0.41,2.8925,2.4825,6.685714286,0.49,118,6.195714286,NO3,11.11027397,6.0625,18.025,1,39.07521031,18,4,-62.01352018,210,3.198163628,1.1889349,-1.751658473,NA,NA,NA,NA,NA,NA,NA,NA,NA,-0.5825
9,2014,0.32,3.7125,3.3925,6.344090909,0.1,137,6.244090909,NO3,12.18165699,7.7125,18.05,4,16.57954416,48,1,-12.43291405,14,-0.96992743,1.205493186,0.672654875,NA,NA,NA,NA,NA,NA,NA,NA,NA,2.0525
10,2015,0.295,3.5575,3.2625,7.495333333,0.14,91,7.355333333,NO3,11.33447618,7.3342,15.458575,1,18.92305227,18,4,-19.78051224,54,-0.391109517,1.585847763,-1.244336254,NA,NA,NA,NA,NA,NA,NA,NA,27,2.04
11,2016,0.23,2.325714286,2.095714286,6.405714286,0.01,100,6.395714286,NO3,11.98964375,8.1675,16.1417625,2,17.37925093,17,2,-7.543367647,11,-1.262495989,1.257390634,0.238169499,1960,481385,289,131,660,15200,5,270,31,1.8325
12,2017,0.14,3.59,3.45,5.544375,0.01,95,5.534375,NO3,12.01283213,8.11392479,15.763,1,7.907944088,10,0,NA,NA,NA,0.962572571,0.290639908,1080,644587,46,105,280,12322,46,164,32.82,1.175
13,2018,0.375,3.48,3.105,6.182682927,0.26,133,5.922682927,NO3,11.63876301,6.545,17.117,2,31.93559585,29,2,-30.36915216,53,0.821266136,1.095482091,-0.555799457,140,471900,164,132,280,25860,4,194,33.33,0.4
14,2019,0.31,1.99,1.68,6.365438596,0.05,107,6.315438596,NO3,12.01379178,8.365,16.82,1,15.45887951,21,0,NA,NA,NA,1.229913978,0.29281139,1920,458840,9,130,720,29800,54,187,32.75,1.465
15,2020,0.41,#NAME?,#NAME?,6.03037037,NA,NA,NA,NO3,11.60139344,7.51,16.11,0,NA,NA,0,NA,NA,NA,NA,-0.640358899,78.43,19480,232,199,0,12460,232,199,27,2.23
16,2021,0.32,1.89,1.57,7.142909091,0.47,112,6.672909091,NO3,12.11484908,7.04,19.72,4,23.64407247,47,1,-12.15679998,9,-0.710899295,1.352268502,0.5214827,2069,231882,15,271,1734,9282,104,197,32.2,-0.2825
17,2022,0.31,2.085,1.775,6.921428571,1.79,90,5.131428571,NO3,12.45266986,8.409,17.922,6,19.99823406,108,0,NA,NA,NA,0.824652604,1.285899743,915.15,1909075,102,123,149.25,2762.91,326,123,33.5,1.2075
18,2023,0.28,1.07,0.79,NA,NA,NA,NA,NO3,12.91153413,8.5336,18.2806,5,86.64300703,291,0,NA,NA,NA,NA,2.324212605,280,55916.02,326,119,208.26,9757.53,284,119,31,-0.285
19,2024,0.1,7.94,7.84,NA,NA,NA,NA,NO3,12.46048639,9.167007333,16.40927718,1,93.21695416,88,0,NA,NA,NA,NA,1.303586892,188.68,76544.88,70,129,37.74,12108.26,70,170,34.71,0.725
20,2006,0.3525,2.058,1.7055,2.311764706,1.25,146,1.061764706,NH4,12.01417566,7.925,17.9625,4,10.82512844,39,1,-8.390193843,5,-1.463674763,-0.568306521,0.29368002,NA,NA,NA,NA,NA,NA,NA,NA,NA,-0.8175
21,2007,0.365,0.48,0.115,1.606666667,0.41,65,1.196666667,NH4,12.21997566,8.4,16.5625,3,23.11952415,38,0,NA,NA,NA,-0.522132457,0.759361944,NA,NA,NA,NA,NA,NA,NA,NA,NA,1.81
22,2008,0.17,4.634,4.464,2.756551724,0.45,63,2.306551724,NH4,11.52226366,7.95,15.6,0,NA,NA,1,-32.28852276,18,NA,-0.142242479,-0.819412872,NA,NA,NA,NA,NA,NA,NA,NA,NA,1.3425
23,2009,0.3225,3.824,3.5015,2.348275862,0.57,61,1.778275862,NH4,11.72715805,7.5,15.75,0,NA,NA,1,-5.652070271,7,NA,-0.323060037,-0.35578016,NA,NA,NA,NA,NA,NA,NA,NA,NA,-0.315
24,2010,0.45,2.794,2.344,0.723571429,0.08,60,0.643571429,NH4,11.46667699,7.275,15.7,0,NA,NA,3,-14.66435641,52,NA,-0.711445158,-0.94519377,NA,NA,NA,NA,NA,NA,NA,NA,NA,-2.7075
25,2011,0.403333333,2.243333333,1.84,1.165862069,0.31,84,0.855862069,NH4,11.54583123,7.5,15.7375,1,16.74252639,11,2,-16.49200914,30,-0.694590271,-0.638782601,-0.766084438,NA,NA,NA,NA,NA,NA,NA,NA,NA,-0.8425
26,2012,0.38,2.214,1.834,0.177083333,0.01,61,0.167083333,NH4,11.48493698,8.05,16.2125,1,8.876065821,8,4,-16.98954968,65,-0.970427921,-0.874536869,-0.903875254,NA,NA,NA,NA,NA,NA,NA,NA,NA,2.0775
27,2013,0.41,2.8925,2.4825,0.314642857,0.01,60,0.304642857,NH4,11.11027397,6.0625,18.025,1,39.07521031,18,4,-62.01352018,210,3.198163628,-0.827453178,-1.751658473,NA,NA,NA,NA,NA,NA,NA,NA,NA,-0.5825
28,2014,0.32,3.7125,3.3925,0.527272727,0.03,61,0.497272727,NH4,12.18165699,7.7125,18.05,4,16.57954416,48,1,-12.43291405,14,-0.96992743,-0.761520083,0.672654875,NA,NA,NA,NA,NA,NA,NA,NA,NA,2.0525
29,2015,0.295,3.5575,3.2625,0.326333333,0.01,60,0.316333333,NH4,11.33447618,7.3342,15.458575,1,18.92305227,18,4,-19.78051224,54,-0.391109517,-0.823451778,-1.244336254,NA,NA,NA,NA,NA,NA,NA,NA,27,2.04
30,2016,0.23,2.325714286,2.095714286,0.185,0.01,99,0.175,NH4,11.98964375,8.1675,16.1417625,2,17.37925093,17,2,-7.543367647,11,-1.262495989,-0.871827163,0.238169499,1960,481385,289,131,660,15200,5,270,31,1.8325
31,2017,0.14,3.59,3.45,0.228,0.01,102,0.218,NH4,12.01283213,8.11392479,15.763,1,7.907944088,10,0,NA,NA,NA,-0.85710918,0.290639908,1080,644587,46,105,280,12322,46,164,32.82,1.175
32,2018,0.375,3.48,3.105,0.498888889,0.01,133,0.488888889,NH4,11.63876301,6.545,17.117,2,31.93559585,29,2,-30.36915216,53,0.821266136,-0.764389692,-0.555799457,140,471900,164,132,280,25860,4,194,33.33,0.4
33,2019,0.31,1.99,1.68,0.43825,0.01,62,0.42825,NH4,12.01379178,8.365,16.82,1,15.45887951,21,0,NA,NA,NA,-0.78514509,0.29281139,1920,458840,9,130,720,29800,54,187,32.75,1.465
34,2020,0.41,#NAME?,#NAME?,0.2504,NA,NA,NA,NH4,11.60139344,7.51,16.11,0,NA,NA,0,NA,NA,NA,NA,-0.640358899,78.43,19480,232,199,0,12460,232,199,27,2.23
35,2021,0.32,1.89,1.57,0.243191489,0.04,112,0.203191489,NH4,12.11484908,7.04,19.72,4,23.64407247,47,1,-12.15679998,9,-0.710899295,-0.862177817,0.5214827,2069,231882,15,271,1734,9282,104,197,32.2,-0.2825
36,2022,0.31,2.085,1.775,0.473529412,0.04,61,0.433529412,NH4,12.45266986,8.409,17.922,6,19.99823406,108,0,NA,NA,NA,-0.78333806,1.285899743,915.15,1909075,102,123,149.25,2762.91,326,123,33.5,1.2075
37,2023,0.28,1.07,0.79,NA,NA,NA,NA,NH4,12.91153413,8.5336,18.2806,5,86.64300703,291,0,NA,NA,NA,NA,2.324212605,280,55916.02,326,119,208.26,9757.53,284,119,31,-0.285
38,2024,0.1,7.94,7.84,NA,NA,NA,NA,NH4,12.46048639,9.167007333,16.40927718,1,93.21695416,88,0,NA,NA,NA,NA,1.303586892,188.68,76544.88,70,129,37.74,12108.26,70,170,34.71,0.725
39,2006,0.3525,2.058,1.7055,0.714117647,0.23,88,0.484117647,SRP,12.01417566,7.925,17.9625,4,10.82512844,39,1,-8.390193843,5,-1.463674763,-0.766022786,0.29368002,NA,NA,NA,NA,NA,NA,NA,NA,NA,-0.8175
40,2007,0.365,0.48,0.115,0.653333333,0.19,110,0.463333333,SRP,12.21997566,8.4,16.5625,3,23.11952415,38,0,NA,NA,NA,-0.773136814,0.759361944,NA,NA,NA,NA,NA,NA,NA,NA,NA,1.81
41,2008,0.17,4.634,4.464,0.780344828,0.18,120,0.600344828,SRP,11.52226366,7.95,15.6,0,NA,NA,1,-32.28852276,18,NA,-0.726240702,-0.819412872,NA,NA,NA,NA,NA,NA,NA,NA,NA,1.3425
42,2009,0.3225,3.824,3.5015,0.558965517,0.03,92,0.528965517,SRP,11.72715805,7.5,15.75,0,NA,NA,1,-5.652070271,7,NA,-0.750672317,-0.35578016,NA,NA,NA,NA,NA,NA,NA,NA,NA,-0.315
43,2010,0.45,2.794,2.344,0.616785714,0.05,103,0.566785714,SRP,11.46667699,7.275,15.7,0,NA,NA,3,-14.66435641,52,NA,-0.73772727,-0.94519377,NA,NA,NA,NA,NA,NA,NA,NA,NA,-2.7075
44,2011,0.403333333,2.243333333,1.84,0.697931034,0.2,93,0.497931034,SRP,11.54583123,7.5,15.7375,1,16.74252639,11,2,-16.49200914,30,-0.694590271,-0.761294758,-0.766084438,NA,NA,NA,NA,NA,NA,NA,NA,NA,-0.8425
45,2012,0.38,2.214,1.834,0.7375,0.25,92,0.4875,SRP,11.48493698,8.05,16.2125,1,8.876065821,8,4,-16.98954968,65,-0.970427921,-0.764865079,-0.903875254,NA,NA,NA,NA,NA,NA,NA,NA,NA,2.0775
46,2013,0.41,2.8925,2.4825,0.634285714,0.32,122,0.314285714,SRP,11.11027397,6.0625,18.025,1,39.07521031,18,4,-62.01352018,210,3.198163628,-0.824152634,-1.751658473,NA,NA,NA,NA,NA,NA,NA,NA,NA,-0.5825
47,2014,0.32,3.7125,3.3925,0.723636364,0.17,137,0.553636364,SRP,12.18165699,7.7125,18.05,4,16.57954416,48,1,-12.43291405,14,-0.96992743,-0.742228013,0.672654875,NA,NA,NA,NA,NA,NA,NA,NA,NA,2.0525
48,2015,0.295,3.5575,3.2625,0.812333333,0.28,99,0.532333333,SRP,11.33447618,7.3342,15.458575,1,18.92305227,18,4,-19.78051224,54,-0.391109517,-0.749519585,-1.244336254,NA,NA,NA,NA,NA,NA,NA,NA,27,2.04
49,2016,0.23,2.325714286,2.095714286,0.742857143,0.22,105,0.522857143,SRP,11.98964375,8.1675,16.1417625,2,17.37925093,17,2,-7.543367647,11,-1.262495989,-0.752763083,0.238169499,1960,481385,289,131,660,15200,5,270,31,1.8325
50,2017,0.14,3.59,3.45,0.847857143,0.31,95,0.537857143,SRP,12.01283213,8.11392479,15.763,1,7.907944088,10,0,NA,NA,NA,-0.747628903,0.290639908,1080,644587,46,105,280,12322,46,164,32.82,1.175
51,2018,0.375,3.48,3.105,1.076341463,0,133,1.076341463,SRP,11.63876301,6.545,17.117,2,31.93559585,29,2,-30.36915216,53,0.821266136,-0.563317208,-0.555799457,140,471900,164,132,280,25860,4,194,33.33,0.4
52,2019,0.31,1.99,1.68,0.747735849,0.29,88,0.457735849,SRP,12.01379178,8.365,16.82,1,15.45887951,21,0,NA,NA,NA,-0.775052713,0.29281139,1920,458840,9,130,720,29800,54,187,32.75,1.465
53,2020,0.41,#NAME?,#NAME?,0.8768,NA,NA,NA,SRP,11.60139344,7.51,16.11,0,NA,NA,0,NA,NA,NA,NA,-0.640358899,78.43,19480,232,199,0,12460,232,199,27,2.23
54,2021,0.32,1.89,1.57,0.911627907,0.26,116,0.651627907,SRP,12.11484908,7.04,19.72,4,23.64407247,47,1,-12.15679998,9,-0.710899295,-0.708687598,0.5214827,2069,231882,15,271,1734,9282,104,197,32.2,-0.2825
55,2022,0.31,2.085,1.775,0.881428571,0.66,77,0.221428571,SRP,12.45266986,8.409,17.922,6,19.99823406,108,0,NA,NA,NA,-0.855935653,1.285899743,915.15,1909075,102,123,149.25,2762.91,326,123,33.5,1.2075
56,2023,0.28,1.07,0.79,NA,NA,NA,NA,SRP,12.91153413,8.5336,18.2806,5,86.64300703,291,0,NA,NA,NA,NA,2.324212605,280,55916.02,326,119,208.26,9757.53,284,119,31,-0.285
57,2024,0.1,7.94,7.84,NA,NA,NA,NA,SRP,12.46048639,9.167007333,16.40927718,1,93.21695416,88,0,NA,NA,NA,NA,1.303586892,188.68,76544.88,70,129,37.74,12108.26,70,170,34.71,0.725
58,2006,0.3525,2.058,1.7055,6.754705882,0.44,88,6.314705882,SIO2,12.01417566,7.925,17.9625,4,10.82512844,39,1,-8.390193843,5,-1.463674763,1.229663185,0.29368002,NA,NA,NA,NA,NA,NA,NA,NA,NA,-0.8175
59,2007,0.365,0.48,0.115,6.735,0.03,98,6.705,SIO2,12.21997566,8.4,16.5625,3,23.11952415,38,0,NA,NA,NA,1.363252536,0.759361944,NA,NA,NA,NA,NA,NA,NA,NA,NA,1.81
60,2008,0.17,4.634,4.464,7.494482759,0.5,124,6.994482759,SIO2,11.52226366,7.95,15.6,0,NA,NA,1,-32.28852276,18,NA,1.462336309,-0.819412872,NA,NA,NA,NA,NA,NA,NA,NA,NA,1.3425
61,2009,0.3225,3.824,3.5015,7.132758621,0.37,134,6.762758621,SIO2,11.72715805,7.5,15.75,0,NA,NA,1,-5.652070271,7,NA,1.38302208,-0.35578016,NA,NA,NA,NA,NA,NA,NA,NA,NA,-0.315
62,2010,0.45,2.794,2.344,6.635,0.29,109,6.345,SIO2,11.46667699,7.275,15.7,0,NA,NA,3,-14.66435641,52,NA,1.240032216,-0.94519377,NA,NA,NA,NA,NA,NA,NA,NA,NA,-2.7075
63,2011,0.403333333,2.243333333,1.84,7.368888889,1.78,112,5.588888889,SIO2,11.54583123,7.5,15.7375,1,16.74252639,11,2,-16.49200914,30,-0.694590271,0.981231512,-0.766084438,NA,NA,NA,NA,NA,NA,NA,NA,NA,-0.8425
64,2012,0.38,2.214,1.834,7.084166667,0.73,92,6.354166667,SIO2,11.48493698,8.05,16.2125,1,8.876065821,8,4,-16.98954968,65,-0.970427921,1.24316977,-0.903875254,NA,NA,NA,NA,NA,NA,NA,NA,NA,2.0775
65,2013,0.41,2.8925,2.4825,7.637857143,1.13,118,6.507857143,SIO2,11.11027397,6.0625,18.025,1,39.07521031,18,4,-62.01352018,210,3.198163628,1.295774741,-1.751658473,NA,NA,NA,NA,NA,NA,NA,NA,NA,-0.5825
66,2014,0.32,3.7125,3.3925,7.159545455,0.22,137,6.939545455,SIO2,12.18165699,7.7125,18.05,4,16.57954416,48,1,-12.43291405,14,-0.96992743,1.443532442,0.672654875,NA,NA,NA,NA,NA,NA,NA,NA,NA,2.0525
67,2015,0.295,3.5575,3.2625,7.787333333,0.67,91,7.117333333,SIO2,11.33447618,7.3342,15.458575,1,18.92305227,18,4,-19.78051224,54,-0.391109517,1.50438544,-1.244336254,NA,NA,NA,NA,NA,NA,NA,NA,27,2.04
68,2016,0.23,2.325714286,2.095714286,6.402857143,0.77,99,5.632857143,SIO2,11.98964375,8.1675,16.1417625,2,17.37925093,17,2,-7.543367647,11,-1.262495989,0.996280907,0.238169499,1960,481385,289,131,660,15200,5,270,31,1.8325
69,2017,0.14,3.59,3.45,8.192857143,0.61,96,7.582857143,SIO2,12.01283213,8.11392479,15.763,1,7.907944088,10,0,NA,NA,NA,1.663724309,0.290639908,1080,644587,46,105,280,12322,46,164,32.82,1.175
70,2018,0.375,3.48,3.105,8.973846154,1.34,133,7.633846154,SIO2,11.63876301,6.545,17.117,2,31.93559585,29,2,-30.36915216,53,0.821266136,1.68117676,-0.555799457,140,471900,164,132,280,25860,4,194,33.33,0.4
71,2019,0.31,1.99,1.68,6.144150943,0.74,106,5.404150943,SIO2,12.01379178,8.365,16.82,1,15.45887951,21,0,NA,NA,NA,0.917999654,0.29281139,1920,458840,9,130,720,29800,54,187,32.75,1.465
72,2020,0.41,#NAME?,#NAME?,6.812244898,NA,NA,NA,SIO2,11.60139344,7.51,16.11,0,NA,NA,0,NA,NA,NA,NA,-0.640358899,78.43,19480,232,199,0,12460,232,199,27,2.23
73,2021,0.32,1.89,1.57,5.963584906,1.32,112,4.643584906,SIO2,12.11484908,7.04,19.72,4,23.64407247,47,1,-12.15679998,9,-0.710899295,0.657674124,0.5214827,2069,231882,15,271,1734,9282,104,197,32.2,-0.2825
74,2022,0.31,2.085,1.775,6.85,4.07,110,2.78,SIO2,12.45266986,8.409,17.922,6,19.99823406,108,0,NA,NA,NA,0.019808766,1.285899743,915.15,1909075,102,123,149.25,2762.91,326,123,33.5,1.2075
75,2023,0.28,1.07,0.79,NA,NA,NA,NA,SIO2,12.91153413,8.5336,18.2806,5,86.64300703,291,0,NA,NA,NA,NA,2.324212605,280,55916.02,326,119,208.26,9757.53,284,119,31,-0.285
76,2024,0.1,7.94,7.84,NA,NA,NA,NA,SIO2,12.46048639,9.167007333,16.40927718,1,93.21695416,88,0,NA,NA,NA,NA,1.303586892,188.68,76544.88,70,129,37.74,12108.26,70,170,34.71,0.725
77,2006,0.3525,2.058,1.7055,0.014705882,0,110,0.014705882,NO2,12.01417566,7.925,17.9625,4,10.82512844,39,1,-8.390193843,5,-1.463674763,-0.92669242,0.29368002,NA,NA,NA,NA,NA,NA,NA,NA,NA,-0.8175
78,2007,0.365,0.48,0.115,0.041666667,0,112,0.041666667,NO2,12.21997566,8.4,16.5625,3,23.11952415,38,0,NA,NA,NA,-0.917464318,0.759361944,NA,NA,NA,NA,NA,NA,NA,NA,NA,1.81
79,2008,0.17,4.634,4.464,0.064482759,0,128,0.064482759,NO2,11.52226366,7.95,15.6,0,NA,NA,1,-32.28852276,18,NA,-0.909654857,-0.819412872,NA,NA,NA,NA,NA,NA,NA,NA,NA,1.3425
80,2009,0.3225,3.824,3.5015,0.024137931,0.01,118,0.014137931,NO2,11.72715805,7.5,15.75,0,NA,NA,1,-5.652070271,7,NA,-0.926886817,-0.35578016,NA,NA,NA,NA,NA,NA,NA,NA,NA,-0.315
81,2010,0.45,2.794,2.344,0.0275,0.01,121,0.0175,NO2,11.46667699,7.275,15.7,0,NA,NA,3,-14.66435641,52,NA,-0.925736053,-0.94519377,NA,NA,NA,NA,NA,NA,NA,NA,NA,-2.7075
82,2011,0.403333333,2.243333333,1.84,0.026896552,0.01,104,0.016896552,NO2,11.54583123,7.5,15.7375,1,16.74252639,11,2,-16.49200914,30,-0.694590271,-0.9259426,-0.766084438,NA,NA,NA,NA,NA,NA,NA,NA,NA,-0.8425
83,2012,0.38,2.214,1.834,0.147083333,0.01,92,0.137083333,NO2,11.48493698,8.05,16.2125,1,8.876065821,8,4,-16.98954968,65,-0.970427921,-0.884805229,-0.903875254,NA,NA,NA,NA,NA,NA,NA,NA,NA,2.0775
84,2013,0.41,2.8925,2.4825,0.033571429,0.01,60,0.023571429,NO2,11.11027397,6.0625,18.025,1,39.07521031,18,4,-62.01352018,210,3.198163628,-0.923657932,-1.751658473,NA,NA,NA,NA,NA,NA,NA,NA,NA,-0.5825
85,2014,0.32,3.7125,3.3925,0.048636364,0.02,149,0.028636364,NO2,12.18165699,7.7125,18.05,4,16.57954416,48,1,-12.43291405,14,-0.96992743,-0.921924313,0.672654875,NA,NA,NA,NA,NA,NA,NA,NA,NA,2.0525
86,2015,0.295,3.5575,3.2625,0.067,0,134,0.067,NO2,11.33447618,7.3342,15.458575,1,18.92305227,18,4,-19.78051224,54,-0.391109517,-0.908793259,-1.244336254,NA,NA,NA,NA,NA,NA,NA,NA,27,2.04
87,2016,0.23,2.325714286,2.095714286,0.075714286,0.01,99,0.065714286,NO2,11.98964375,8.1675,16.1417625,2,17.37925093,17,2,-7.543367647,11,-1.262495989,-0.909233331,0.238169499,1960,481385,289,131,660,15200,5,270,31,1.8325
88,2017,0.14,3.59,3.45,0.01625,0.01,72,0.00625,NO2,12.01283213,8.11392479,15.763,1,7.907944088,10,0,NA,NA,NA,-0.929586688,0.290639908,1080,644587,46,105,280,12322,46,164,32.82,1.175
89,2018,0.375,3.48,3.105,0.054878049,0.01,133,0.044878049,NO2,11.63876301,6.545,17.117,2,31.93559585,29,2,-30.36915216,53,0.821266136,-0.916365131,-0.555799457,140,471900,164,132,280,25860,4,194,33.33,0.4
90,2019,0.31,1.99,1.68,0.071929825,0,62,0.071929825,NO2,12.01379178,8.365,16.82,1,15.45887951,21,0,NA,NA,NA,-0.907105885,0.29281139,1920,458840,9,130,720,29800,54,187,32.75,1.465
91,2020,0.41,#NAME?,#NAME?,0.098301887,NA,NA,NA,NO2,11.60139344,7.51,16.11,0,NA,NA,0,NA,NA,NA,NA,-0.640358899,78.43,19480,232,199,0,12460,232,199,27,2.23
92,2021,0.32,1.89,1.57,0.115636364,0.02,63,0.095636364,NO2,12.11484908,7.04,19.72,4,23.64407247,47,1,-12.15679998,9,-0.710899295,-0.898991642,0.5214827,2069,231882,15,271,1734,9282,104,197,32.2,-0.2825
93,2022,0.31,2.085,1.775,0.070434783,0,60,0.070434783,NO2,12.45266986,8.409,17.922,6,19.99823406,108,0,NA,NA,NA,-0.907617606,1.285899743,915.15,1909075,102,123,149.25,2762.91,326,123,33.5,1.2075
94,2023,0.28,1.07,0.79,NA,NA,NA,NA,NO2,12.91153413,8.5336,18.2806,5,86.64300703,291,0,NA,NA,NA,NA,2.324212605,280,55916.02,326,119,208.26,9757.53,284,119,31,-0.285
95,2024,0.1,7.94,7.84,NA,NA,NA,NA,NO2,12.46048639,9.167007333,16.40927718,1,93.21695416,88,0,NA,NA,NA,NA,1.303586892,188.68,76544.88,70,129,37.74,12108.26,70,170,34.71,0.725
